past_institutions,MIT_ID,MIT_year_end,_error,name,MIT_year_start,inst_1_name,current_institutions,year_start_1,status,message,inst_1_id,author_id,year_end_1,_has_inst
,https://openalex.org/I63966007,2025,ClientResponseError,Amilton Barbosa Botelho Junior,2025,Massachusetts Institute of Technology,,2025,404,"404, message='Not Found', url='https://api.openalex.org/authors/A2765259247'",https://openalex.org/I63966007,https://openalex.org/A2765259247,2025,False
,https://openalex.org/I63966007,2025,ClientResponseError,Wei Zitang,2025,Massachusetts Institute of Technology,,2025,404,"404, message='Not Found', url='https://api.openalex.org/authors/A2751640369'",https://openalex.org/I63966007,https://openalex.org/A2751640369,2025,False
,https://openalex.org/I63966007,2025,ClientResponseError,John Morrison,2025,Massachusetts Institute of Technology,,2025,404,"404, message='Not Found', url='https://api.openalex.org/authors/A1909111750'",https://openalex.org/I63966007,https://openalex.org/A1909111750,2025,False
,https://openalex.org/I63966007,2025,ClientResponseError,Alexander Tang,2025,Massachusetts Institute of Technology,,2025,404,"404, message='Not Found', url='https://api.openalex.org/authors/A2480770876'",https://openalex.org/I63966007,https://openalex.org/A2480770876,2025,False
,https://openalex.org/I63966007,2025,ClientResponseError,Sławomir K. Tadeja,2025,Massachusetts Institute of Technology,,2025,404,"404, message='Not Found', url='https://api.openalex.org/authors/A4294450618'",https://openalex.org/I63966007,https://openalex.org/A4294450618,2025,False
,https://openalex.org/I63966007,2025,ClientResponseError,Haruko Wainwright,2025,Massachusetts Institute of Technology,,2025,404,"404, message='Not Found', url='https://api.openalex.org/authors/A3126671990'",https://openalex.org/I63966007,https://openalex.org/A3126671990,2025,False
,https://openalex.org/I63966007,2025,ClientResponseError,Sayed Saad Afzal,2025,Massachusetts Institute of Technology,,2025,404,"404, message='Not Found', url='https://api.openalex.org/authors/A2807814223'",https://openalex.org/I63966007,https://openalex.org/A2807814223,2025,False
,https://openalex.org/I63966007,2025,ClientResponseError,B. L. Reichelt,2025,Massachusetts Institute of Technology,,2025,404,"404, message='Not Found', url='https://api.openalex.org/authors/A3171204331'",https://openalex.org/I63966007,https://openalex.org/A3171204331,2025,False
,https://openalex.org/I63966007,2025,ClientResponseError,"Brastianos, Priscilla K.",2025,Massachusetts Institute of Technology,,2025,404,"404, message='Not Found', url='https://api.openalex.org/authors/A4304869649'",https://openalex.org/I63966007,https://openalex.org/A4304869649,2025,False
