author_id,name,inst_1_id,inst_1_name,year_start_1,year_end_1,MIT_ID,MIT_year_start,MIT_year_end,current_institutions,past_institutions,orcid,date_of_birth,date_of_death,ORCID,loc_id,affiliation,q_id
https://openalex.org/A5064606108,Robert William Collier,https://openalex.org/I63966007,Massachusetts Institute of Technology,1980,1980,https://openalex.org/I63966007,1980,1980,Woods Hole Oceanographic Institution; Massachusetts Institute of Technology,,,1885-04-19T00:00:00Z,1950-01-01T00:00:00Z,,n87813727,,Q355017
https://openalex.org/A5059936308,Peter Duerr,https://openalex.org/I63966007,Massachusetts Institute of Technology,1992,1992,https://openalex.org/I63966007,1992,1992,Technical University of Munich,Massachusetts Institute of Technology; Lawrence Berkeley National Laboratory,0000-0002-3343-8207,1904-08-29T00:00:00Z,1989-03-21T00:00:00Z,,n84036307,,Q125132
https://openalex.org/A5032024326,Francis K. Davis,https://openalex.org/I63966007,Massachusetts Institute of Technology,1970,1970,https://openalex.org/I63966007,1970,1970,Drexel University,Urbana University; University of Missouri; Cooperative Institute for Mesoscale Meteorological Studies; University of Arizona; Massachusetts Institute of Technology; Foreca (Finland),,1846-11-03T00:00:00Z,1912-04-15T00:00:00Z,,n96107058,,Q1345302
https://openalex.org/A5112096003,A. R. Hoffman,https://openalex.org/I63966007,Massachusetts Institute of Technology,1980,1980,https://openalex.org/I63966007,1980,1980,Hospices Civils de Lyon,Los Angeles Valley College; United States Food and Drug Administration; Jet Propulsion Laboratory; California Institute of Technology; Lamont-Doherty Earth Observatory; Glenn Research Center; MIT Lincoln Laboratory; Massachusetts Institute of Technology; Battelle,,1863-04-10T00:00:00Z,1938-01-26T00:00:00Z,,n86092875,,Q590331
https://openalex.org/A5063210046,Carl R. Maag,https://openalex.org/I63966007,Massachusetts Institute of Technology,1980,1980,https://openalex.org/I63966007,1980,1980,California Institute of Technology,M4 Engineering (United States); Science Applications International Corporation (United States); Jet Propulsion Laboratory; Applied Technologies (United States); Space Information Laboratories (United States); Massachusetts Institute of Technology; Battelle; MIT Lincoln Laboratory; Glenn Research Center,,1813-03-18T00:00:00Z,1887-02-23T00:00:00Z,,,,Q60817765
https://openalex.org/A5095414625,George Gregg,https://openalex.org/I63966007,Massachusetts Institute of Technology,1970,1970,https://openalex.org/I63966007,1970,1970,Foreca (Finland); Drexel University; Massachusetts Institute of Technology,,,1924-01-09T00:00:00Z,2018-05-26T00:00:00Z,,,,Q5606549
https://openalex.org/A5105211754,Andrew D. Steele,https://openalex.org/I63966007,Massachusetts Institute of Technology,2005,2007,https://openalex.org/I63966007,2005,2007,California Institute of Technology,Advanced Brain Monitoring (United States); Pasadena City College; Whitehead Institute for Biomedical Research; Massachusetts Institute of Technology; Howard Hughes Medical Institute; IIT@MIT,,1800-09-29T00:00:00Z,1884-11-22T00:00:00Z,,no2008073377,,Q74653
https://openalex.org/A5009409132,John Hamilton,https://openalex.org/I63966007,Massachusetts Institute of Technology,1970,1970,https://openalex.org/I63966007,1970,1970,"University of California, Berkeley",Baylor University; Charles University; Scunthorpe General Hospital; Gustavus Adolphus College; Old Dominion University; Dominion University College; Foreca (Finland); Drexel University; Massachusetts Institute of Technology,,1537-01-01T00:00:00Z,1604-04-26T00:00:00Z,,nr93014204,,Q4735
https://openalex.org/A5035820474,Alan North,https://openalex.org/I63966007,Massachusetts Institute of Technology,1981,1984,https://openalex.org/I63966007,1981,1984,University of Sheffield,Massachusetts Institute of Technology; Loyola University Chicago,,1920-12-23T00:00:00Z,2000-01-19T00:00:00Z,,nr2006011424,,Q1715146
https://openalex.org/A5081122760,Lawrence Peter Hughes,https://openalex.org/I63966007,Massachusetts Institute of Technology,1970,1970,https://openalex.org/I63966007,1970,1970,Griffith University,Drexel University; Foreca (Finland); Massachusetts Institute of Technology; University of Chicago; Uganda National Meteorological Authority; National Institute of Meteorology; NSF NCAR High Altitude Observatory,,1924-03-02T00:00:00Z,2011-09-09T00:00:00Z,,,,Q998752
https://openalex.org/A5111393544,John H. Healy,https://openalex.org/I63966007,Massachusetts Institute of Technology,1985,1985,https://openalex.org/I63966007,1985,1985,Queensland Museum,United States Geological Survey; United States Department of the Interior; Denver Federal Center; Menlo School; Massachusetts Institute of Technology; ATUM (United States); California Institute of Technology,,1930-01-01T00:00:00Z,1991-01-01T00:00:00Z,,n80084434,,Q6238451
https://openalex.org/A5035670181,Hiroshi Kunita,https://openalex.org/I63966007,Massachusetts Institute of Technology,1984,1984,https://openalex.org/I63966007,1984,1984,Kyushu University,"Nanzan University; University of California, Los Angeles; Université Clermont Auvergne; Massachusetts Institute of Technology; Heidelberg University; Sorbonne Université; University of California System; Nagoya University; Mathematical Institute of the Slovak Academy of Sciences",,1937-01-31T00:00:00Z,2019-07-26T00:00:00Z,,n86850357,,Q114965633
https://openalex.org/A5031993190,L. Liu,https://openalex.org/I63966007,Massachusetts Institute of Technology,2006,2006,https://openalex.org/I63966007,2006,2006,Massachusetts Institute of Technology,,,1937-02-24T00:00:00Z,2021-09-10T00:00:00Z,,n85244053,,Q15071432
https://openalex.org/A5033651082,Robert Levine,https://openalex.org/I63966007,Massachusetts Institute of Technology,1970,1970,https://openalex.org/I63966007,1970,1970,Foreca (Finland); Drexel University; Massachusetts Institute of Technology,NOAA National Weather Service,,1945-08-25T00:00:00Z,2019-06-22T00:00:00Z,,n97004174,California State University,Q2159048
https://openalex.org/A5006977067,J. W. Elliott,https://openalex.org/I63966007,Massachusetts Institute of Technology,1992,1992,https://openalex.org/I63966007,1992,1992,Langley Research Center,Analytical Services & Materials (United States); United States Army; Boeing (United States); Massachusetts Institute of Technology; Geotechnical and Structures Laboratory; United States Department of the Army,,1882-03-29T00:00:00Z,1960-11-26T00:00:00Z,,n99043061,,Q1381991
https://openalex.org/A5103644806,C. Taylor Walter,https://openalex.org/I63966007,Massachusetts Institute of Technology,1970,1970,https://openalex.org/I63966007,1970,1970,Foreca (Finland); Drexel University; Massachusetts Institute of Technology,,,1915-01-20T00:00:00Z,1972-04-12T00:00:00Z,,n50041823,,Q60817
https://openalex.org/A5077514473,Arthur D. Fisher,https://openalex.org/I63966007,Massachusetts Institute of Technology,1977,1983,https://openalex.org/I63966007,1977,1983,United States Naval Research Laboratory; Naval Research Laboratory Plasma Physics Division,"University of Delaware; Optical Sciences (United States); University of California, Irvine; University of California System; Massachusetts Institute of Technology; Naval Research Laboratory Optical Sciences Division",0000-0001-8836-5765,1870-10-16T00:00:00Z,1957-05-21T00:00:00Z,,n50007415,,Q4798634
https://openalex.org/A5039018264,Vernon Wallace,https://openalex.org/I63966007,Massachusetts Institute of Technology,1970,1970,https://openalex.org/I63966007,1970,1970,"University of California, Santa Cruz",University of Colorado Colorado Springs; Foreca (Finland); Drexel University; Massachusetts Institute of Technology,,1905-11-05T00:00:00Z,1988-04-02T00:00:00Z,,no2004068461,,Q881613
https://openalex.org/A5065787270,John Anthony Thomas,https://openalex.org/I63966007,Massachusetts Institute of Technology,1991,1991,https://openalex.org/I63966007,1991,1991,Massachusetts Institute of Technology,,,1933-07-18T00:00:00Z,2002-05-01T00:00:00Z,,,,Q106813580
https://openalex.org/A5025473048,Halstead,https://openalex.org/I63966007,Massachusetts Institute of Technology,1986,1986,https://openalex.org/I63966007,1986,1986,Massachusetts Institute of Technology,,,1874-02-07T00:00:00Z,1946-06-19T00:00:00Z,,,,Q23585171
https://openalex.org/A5079625152,R. Ell,https://openalex.org/I63966007,Massachusetts Institute of Technology,1966,2006,https://openalex.org/I63966007,1966,2006,Massachusetts Institute of Technology,ROWO Coating (Germany); Karlsruhe Institute of Technology; Karlsruhe University of Education; University of Washington; University of Arizona; Seattle University; JA Toride Medical Center; NSF National Center for Atmospheric Research; U.S. National Science Foundation,,1856-05-13T00:00:00Z,1917-03-14T00:00:00Z,,no96003735,United States Geological Survey,Q3430748
https://openalex.org/A5077580389,DIETMAR SEYFERTH,https://openalex.org/I63966007,Massachusetts Institute of Technology,1970,1972,https://openalex.org/I63966007,1970,1972,Massachusetts Institute of Technology,,,1929-01-11T00:00:00Z,2020-06-06T00:00:00Z,,n80086552,Harvard University,Q19564424
https://openalex.org/A5027714068,Bernard J. Frieden,https://openalex.org/I63966007,Massachusetts Institute of Technology,1968,1980,https://openalex.org/I63966007,1968,1980,Massachusetts Institute of Technology,Duke University; Durham Technical Community College; Brookings Institution; American Political Science Association; California State University Los Angeles; Columbia University; Dartmouth Hospital; Dartmouth College; Stanford University,,1930-01-01T00:00:00Z,2009-09-09T00:00:00Z,,n50024056,,Q105754780
https://openalex.org/A5110020232,Giuliana C. Tesoro,https://openalex.org/I63966007,Massachusetts Institute of Technology,1976,1982,https://openalex.org/I63966007,1976,1982,SUNY Polytechnic Institute,New York University; Massachusetts Institute of Technology; Textile Research Institute,,1921-06-01T00:00:00Z,2002-09-29T00:00:00Z,,,Massachusetts Institute of Technology,Q15077451
https://openalex.org/A5039029308,Gwendolen Carter,https://openalex.org/I63966007,Massachusetts Institute of Technology,1970,1970,https://openalex.org/I63966007,1970,1970,University of Rochester; Portland State University; Indiana University,Michigan State University; Massachusetts Institute of Technology; Makerere University; Macalester College; University of Michigan; Columbia University; University of Illinois Urbana-Champaign,,1906-07-17T00:00:00Z,1991-02-20T00:00:00Z,,n80026751,Tufts University,Q5623478
https://openalex.org/A5020003778,Charles A. Garris,https://openalex.org/I63966007,Massachusetts Institute of Technology,1975,1977,https://openalex.org/I63966007,1975,1977,George Washington University,Instituto Venezolano de Investigaciones Científicas; Massachusetts Institute of Technology; Stony Brook University; State University of New York,,1837-12-02T00:00:00Z,1864-06-27T00:00:00Z,,no2010150240,,Q5077974
https://openalex.org/A5034247876,J. D. Hooker,https://openalex.org/I63966007,Massachusetts Institute of Technology,1970,1970,https://openalex.org/I63966007,1970,1970,University of California System,"Massachusetts Institute of Technology; Makerere University; Michigan State University; Borealis (Austria); Critical Art and Media Practice; Kensington Health; Royal Botanic Gardens, Kew",,1817-06-30T00:00:00Z,1911-12-10T00:00:00Z,,n86843993,British Geological Survey,Q157501
https://openalex.org/A5102044503,James Cooper,https://openalex.org/I63966007,Massachusetts Institute of Technology,1967,1967,https://openalex.org/I63966007,1967,1967,University of Georgia,City & Guilds Group; Massachusetts Institute of Technology; Victoria University of Wellington,,1789-09-15T00:00:00Z,1851-09-14T00:00:00Z,,n79059786,,Q167856
https://openalex.org/A5058944221,Robert T. Lund,https://openalex.org/I63966007,Massachusetts Institute of Technology,1983,1983,https://openalex.org/I63966007,1983,1983,Boston University,Massachusetts Institute of Technology; John Wiley & Sons (United States),,1861-02-15T00:00:00Z,1903-12-19T00:00:00Z,,,,Q5966025
https://openalex.org/A5109126276,Werner Haas,https://openalex.org/I63966007,Massachusetts Institute of Technology,1985,1997,https://openalex.org/I63966007,1985,1997,University of Stuttgart,Joanneum Research; Machine Science; Institute of Information and Communication Technologies; Intel (Germany); Keramische Folien (Germany); Friedrich-Alexander-Universität Erlangen-Nürnberg; Graz University of Technology; Massachusetts Institute of Technology; Howard Hughes Medical Institute,,1900-08-02T00:00:00Z,1950-11-30T00:00:00Z,,no2016021390,Humboldt-Universität zu Berlin,Q62065
https://openalex.org/A5105779092,Robert G. Whittaker,https://openalex.org/I63966007,Massachusetts Institute of Technology,1978,1979,https://openalex.org/I63966007,1978,1979,Commonwealth Scientific and Industrial Research Organisation,Sydney Hospital; Agriculture Victoria; Massachusetts Institute of Technology,,1920-12-27T00:00:00Z,1980-10-20T00:00:00Z,,n50016195,Cornell University,Q336893
https://openalex.org/A5088793787,Barbara J. Blanchard,https://openalex.org/I63966007,Massachusetts Institute of Technology,1978,2004,https://openalex.org/I63966007,1978,2004,Institut Curie,Massachusetts Institute of Technology,,1912-05-14T00:00:00Z,2008-05-02T00:00:00Z,,nr2002009032,,Q4858856
https://openalex.org/A5113954471,Hans K. Rudolph,https://openalex.org/I63966007,Massachusetts Institute of Technology,1989,1989,https://openalex.org/I63966007,1989,1989,University of Stuttgart,Massachusetts Institute of Technology; Whitehead Institute for Biomedical Research; Novartis (Switzerland); Friedrich Miescher Institute,,1937-02-15T00:00:00Z,2022-12-25T00:00:00Z,,n84128873,Ludwig-Maximilians-Universität München,Q92335
https://openalex.org/A5098459880,A. M. S. Ula,https://openalex.org/I63966007,Massachusetts Institute of Technology,1980,1980,https://openalex.org/I63966007,1980,1980,Massachusetts Institute of Technology,,,1896-11-11T00:00:00Z,1934-08-18T00:00:00Z,,,,Q24845512
https://openalex.org/A5099508965,Keith Drummond,https://openalex.org/I63966007,Massachusetts Institute of Technology,1967,1967,https://openalex.org/I63966007,1967,1967,"The University of Texas Medical Branch at Galveston; University of Colorado Denver; Children's Hospital Colorado; Children's Hospital 1; United States Department of State; American Academy of Allergy, Asthma and Immunology; Massachusetts Institute of Technology; STEM Forward; Texas Medical Center; IIT@MIT",,,1917-06-12T00:00:00Z,1990-02-18T00:00:00Z,,,,Q99955326
https://openalex.org/A5080979526,William P. Spencer,https://openalex.org/I63966007,Massachusetts Institute of Technology,1979,1982,https://openalex.org/I63966007,1979,1982,University of Florida,Massachusetts Institute of Technology; University of Richmond,,1914-06-21T00:00:00Z,1996-10-11T00:00:00Z,,n88001750,Columbia University,Q295673
https://openalex.org/A5028321417,William H. K. Lee,https://openalex.org/I63966007,Massachusetts Institute of Technology,1994,1994,https://openalex.org/I63966007,1994,1994,United States Geological Survey,"Planetary Science Institute; University of California, Los Angeles; Palo Alto Institute; University of Southern California; Southern California Earthquake Center; Massachusetts Institute of Technology",,1940-10-06T00:00:00Z,2022-01-01T00:00:00Z,,n79093079,,Q118727691
https://openalex.org/A5113544853,Jin Y,https://openalex.org/I63966007,Massachusetts Institute of Technology,1994,1994,https://openalex.org/I63966007,1994,1994,Tea Research Institute; Chinese Academy of Agricultural Sciences,China University of Geosciences (Beijing); Harbin University of Commerce; Massachusetts Institute of Technology,,1924-03-10T00:00:00Z,2018-10-30T00:00:00Z,,n81014388,Zhejiang University,Q180626
https://openalex.org/A5110235091,F. M. M. Morel,https://openalex.org/I63966007,Massachusetts Institute of Technology,1978,1994,https://openalex.org/I63966007,1978,1994,Princeton University,Parsons (United States); Massachusetts Institute of Technology,,1926-04-30T00:00:00Z,2016-05-11T00:00:00Z,,n50004637,,Q667780
https://openalex.org/A5090122536,Robert F. Pohlman,https://openalex.org/I63966007,Massachusetts Institute of Technology,1994,1994,https://openalex.org/I63966007,1994,1994,Lexington City Schools,Cornell University; Massachusetts Institute of Technology; Columbia University; University of Minnesota,,1852-10-31T00:00:00Z,1914-09-28T00:00:00Z,,n86836425,Friedrich-Alexander-Universität Erlangen-Nürnberg,Q90661
https://openalex.org/A5113684682,Robert M. Hayes,https://openalex.org/I63966007,Massachusetts Institute of Technology,1970,1970,https://openalex.org/I63966007,1970,1970,Victoria Police,"Tufts University; University of Tennessee at Knoxville; Jackson Memorial Hospital; Momentive (United States); Massachusetts Institute of Technology; University of California, Los Angeles; University of Graz; Medicare Rights Center; Plant (United States)",,1926-12-03T00:00:00Z,2022-02-12T00:00:00Z,,n50025109,"University of California, Los Angeles",Q11703275
https://openalex.org/A5110057509,Gert D. Billing,https://openalex.org/I63966007,Massachusetts Institute of Technology,1978,1978,https://openalex.org/I63966007,1978,1978,Ørsted (Denmark); University of Copenhagen,"Institute of Atomic and Molecular Sciences, Academia Sinica; Vilnius University; Copenhagen Institute for Futures Studies; Massachusetts Institute of Technology",,1946-01-01T00:00:00Z,2002-01-01T00:00:00Z,,,,Q112382906
https://openalex.org/A5056058042,Peter Monaghan,https://openalex.org/I63966007,Massachusetts Institute of Technology,2005,2015,https://openalex.org/I63966007,2005,2015,Christopher Newport University,Hampton University; Pennsylvania State University; Massachusetts Institute of Technology; United Kingdom Atomic Energy Authority; Culham Science Centre; The Ohio State University; Sherman Hospital; William & Mary; Williams (United States),,1917-01-01T00:00:00Z,1945-01-01T00:00:00Z,,,,Q97630758
https://openalex.org/A5016612515,Mark W. Cannon,https://openalex.org/I63966007,Massachusetts Institute of Technology,1968,1968,https://openalex.org/I63966007,1968,1968,United States Air Force Research Laboratory,Wright-Patterson Air Force Base; Technical Solutions (United States); Naval Aerospace Medical Research Laboratory; Syracuse University; Federation of American Scientists; California Institute of Technology; Massachusetts Institute of Technology; Cornell University; University of Chicago,,1928-01-01T00:00:00Z,2020-01-01T00:00:00Z,,n82087613,,Q112561624
https://openalex.org/A5107839238,A. Napier,https://openalex.org/I63966007,Massachusetts Institute of Technology,1978,1978,https://openalex.org/I63966007,1978,1978,University of Michigan,"Tufts University; The University of Adelaide; European Organization for Nuclear Research; University College London; University of California, Santa Barbara; Rutherford Appleton Laboratory; University of Maryland, College Park; Tohoku University; Massachusetts Institute of Technology",,1758-08-31T00:00:00Z,1835-01-02T00:00:00Z,,,,Q25847027
https://openalex.org/A5085450632,H. H. Uhlig,https://openalex.org/I63966007,Massachusetts Institute of Technology,1970,1970,https://openalex.org/I63966007,1970,1970,Massachusetts Institute of Technology,,,1907-03-03T00:00:00Z,1993-07-03T00:00:00Z,,n82019879,Massachusetts Institute of Technology,Q5734303
https://openalex.org/A5017982016,Lorenzo Morris,https://openalex.org/I63966007,Massachusetts Institute of Technology,1975,1975,https://openalex.org/I63966007,1975,1975,Howard University,University of Fort Hare; Massachusetts Institute of Technology,,1817-08-14T00:00:00Z,1903-10-02T00:00:00Z,,,,Q6680778
https://openalex.org/A5085664909,GEORGE WILLIAM,https://openalex.org/I63966007,Massachusetts Institute of Technology,1970,1970,https://openalex.org/I63966007,1970,1970,Massachusetts Institute of Technology,,,1770-08-27T00:00:00Z,1831-11-14T00:00:00Z,,n79021767,Heidelberg University,Q9235
https://openalex.org/A5008343531,Richard Lowenthal,https://openalex.org/I63966007,Massachusetts Institute of Technology,1990,1991,https://openalex.org/I63966007,1990,1991,"Aquestive (United States); University of South Florida; University of Tennessee Health Science Center; American College of Allergy, Asthma and Immunology; Institute for Asthma and Allergy; Rutgers, The State University of New Jersey; DBV Technologies (France)",Nationwide Children's Hospital; Janssen (United States); Massachusetts Institute of Technology,,1908-04-15T00:00:00Z,1991-08-09T00:00:00Z,,n50043498,Freie Universität Berlin,Q97771
https://openalex.org/A5075057416,C. A. Philips,https://openalex.org/I63966007,Massachusetts Institute of Technology,1989,1989,https://openalex.org/I63966007,1989,1989,Massachusetts Institute of Technology,,,1732-04-16T00:00:00Z,1789-01-01T00:00:00Z,,nr98021148,,Q2739792
https://openalex.org/A5066821732,Norman Carlson,https://openalex.org/I63966007,Massachusetts Institute of Technology,1967,1967,https://openalex.org/I63966007,1967,1967,"University at Albany, State University of New York",Westinghouse Electric (United States); Massachusetts Institute of Technology; Textron (United States),,1933-08-10T00:00:00Z,2020-08-09T00:00:00Z,,n90610165,University of Minnesota,Q16095463
https://openalex.org/A5008812956,John Brewer,https://openalex.org/I63966007,Massachusetts Institute of Technology,1987,1988,https://openalex.org/I63966007,1987,1988,U.S. Air Force Institute of Technology; Wright-Patterson Air Force Base,National Energy Technology Laboratory; Catholic University of America; Booz Allen Hamilton (United States); Johnson Space Center; American Institute of Aeronautics and Astronautics; Volpe National Transportation Systems Center; Federal Aviation Administration; Massachusetts Institute of Technology,0000-0002-1737-694X,1836-05-13T00:00:00Z,1898-05-16T00:00:00Z,,,,Q404169
https://openalex.org/A5030977111,Samuel A. Bowring,https://openalex.org/I63966007,Massachusetts Institute of Technology,1992,2025,https://openalex.org/I63966007,1992,2025,Massachusetts Institute of Technology,Planetary Science Institute; IIT@MIT; Harvard University; University of Victoria; Moscow Institute of Thermal Technology; Institut de physique du globe de Paris; Heliopolis University; Imperial College London; Nanjing Institute of Geology and Paleontology,,1953-01-01T00:00:00Z,2019-07-17T00:00:00Z,0000-0001-9722-469X,,Massachusetts Institute of Technology,Q30069772
https://openalex.org/A5005041248,Chester Hartman,https://openalex.org/I63966007,Massachusetts Institute of Technology,1969,1969,https://openalex.org/I63966007,1969,1969,Poverty and Race Research Action Council,"George Washington University; University of Arkansas at Little Rock; University of San Francisco; University of California, Berkeley; Massachusetts Institute of Technology; Harvard University Press",,1936-04-12T00:00:00Z,2023-05-09T00:00:00Z,,n80020500,,Q17305778
https://openalex.org/A5034807963,Thomas A. Lehrer,https://openalex.org/I63966007,Massachusetts Institute of Technology,1969,1969,https://openalex.org/I63966007,1969,1969,Massachusetts Institute of Technology,,,1928-04-09T00:00:00Z,2025-07-26T00:00:00Z,,n81071191,Harvard University,Q369724
https://openalex.org/A5013080017,Henry J. Tracy,https://openalex.org/I63966007,Massachusetts Institute of Technology,1992,1992,https://openalex.org/I63966007,1992,1992,Massachusetts Institute of Technology,,,1732-01-25T00:00:00Z,1797-04-29T00:00:00Z,,,,Q75574449
https://openalex.org/A5080244348,EUGENE B. MITCHELL,https://openalex.org/I63966007,Massachusetts Institute of Technology,1969,1969,https://openalex.org/I63966007,1969,1969,Massachusetts Institute of Technology; United States Department of the Navy,,,1866-10-16T00:00:00Z,1944-06-17T00:00:00Z,,,,Q110831687
https://openalex.org/A5056556739,R. N. Davis,https://openalex.org/I63966007,Massachusetts Institute of Technology,1969,1969,https://openalex.org/I63966007,1969,1969,MIT Lincoln Laboratory; Massachusetts Institute of Technology,,,1930-02-22T00:00:00Z,2007-04-13T00:00:00Z,,n79005670,University of Texas at Austin,Q5241839
https://openalex.org/A5103364579,C. C. Lin,https://openalex.org/I63966007,Massachusetts Institute of Technology,1987,1987,https://openalex.org/I63966007,1987,1987,National Chung Hsing University,"National Taipei University; Massachusetts Institute of Technology; University of Wisconsin–Madison; General Electric (United States); Fusion (United States); Plasma Technology (United States); Fusion Academy; University of California, Los Angeles",,1916-07-07T00:00:00Z,2013-01-13T00:00:00Z,,n87854498,Tsinghua University,Q717421
https://openalex.org/A5023771526,Donald L. Green,https://openalex.org/I63966007,Massachusetts Institute of Technology,1984,1984,https://openalex.org/I63966007,1984,1984,Rider University,Massachusetts Institute of Technology,,1914-11-21T00:00:00Z,1997-05-13T00:00:00Z,,n50030480,University of Southern California,Q3036026
https://openalex.org/A5084746414,Richard G. Austin,https://openalex.org/I63966007,Massachusetts Institute of Technology,1978,1979,https://openalex.org/I63966007,1978,1979,ExxonMobil (United States),Massachusetts Institute of Technology,,1920-01-01T00:00:00Z,2020-03-18T00:00:00Z,,,,Q7325816
https://openalex.org/A5108799420,Clinton E. Ballou,https://openalex.org/I63966007,Massachusetts Institute of Technology,1992,1992,https://openalex.org/I63966007,1992,1992,"University of California, Berkeley",Center for Cancer Research; Massachusetts Institute of Technology; Cancer Research Center; University of Lausanne; Imperial College London; Max Planck Institute of Biochemistry; University of Miami; Queen's University; California Institute of Technology,,1923-06-18T00:00:00Z,2021-03-08T00:00:00Z,,,"University of California, Berkeley",Q5134069
https://openalex.org/A5065745297,Gisela Schröder,https://openalex.org/I63966007,Massachusetts Institute of Technology,1969,1969,https://openalex.org/I63966007,1969,1969,University of Bonn,Massachusetts Institute of Technology,,1889-01-01T00:00:00Z,1975-01-01T00:00:00Z,,,,Q55886119
https://openalex.org/A5112492136,Robert A. Millikan,https://openalex.org/I63966007,Massachusetts Institute of Technology,1969,1969,https://openalex.org/I63966007,1969,1969,California Institute of Technology,Massachusetts Institute of Technology; Washington Center; Athenaeum University; University of Chicago; Toronto Metropolitan University,,1868-03-22T00:00:00Z,1953-12-19T00:00:00Z,,n81120115,University of Chicago,Q130975
https://openalex.org/A5088396783,Frank Thorn,https://openalex.org/I63966007,Massachusetts Institute of Technology,1987,1994,https://openalex.org/I63966007,1987,1994,Massachusetts Institute of Technology,Affiliated Eye Hospital of Wenzhou Medical College; Wenzhou Medical University; Institute of Cognitive and Brain Sciences; New England College of Optometry; Fundação Armando Alvares Penteado; Association for Jewish Studies; Reading Area Community College; Beacon College; College of Optometrists,,1921-01-15T00:00:00Z,2013-03-16T00:00:00Z,,n88655630,,Q1898864
https://openalex.org/A5017656565,E. C. Watson,https://openalex.org/I63966007,Massachusetts Institute of Technology,1969,1969,https://openalex.org/I63966007,1969,1969,Massachusetts Institute of Technology,California Institute of Technology,,1867-01-01T00:00:00Z,1935-01-01T00:00:00Z,,n85020609,,Q433566
https://openalex.org/A5113477075,Emanuel Maxwell,https://openalex.org/I63966007,Massachusetts Institute of Technology,1969,1969,https://openalex.org/I63966007,1969,1969,National Renewable Energy Laboratory,Massachusetts Institute of Technology; National Institute of Standards and Technology; University of America; Catholic University of America,,1912-12-16T00:00:00Z,2000-10-06T00:00:00Z,,,,Q120979388
https://openalex.org/A5107863467,K. H. Lo,https://openalex.org/I63966007,Massachusetts Institute of Technology,1976,1976,https://openalex.org/I63966007,1976,1976,Institute of High Energy Physics; University of Antwerp; A. Alikhanyan National Laboratory,University of Florida; University of Rochester; Lomonosov Moscow State University; Brookhaven National Laboratory; Stony Brook University; Shell (United States); Massachusetts Institute of Technology,,1889-01-20T00:00:00Z,1959-09-30T00:00:00Z,,,,Q95150123
https://openalex.org/A5087996110,Michael Jeremy. Knudsen,https://openalex.org/I63966007,Massachusetts Institute of Technology,1969,1969,https://openalex.org/I63966007,1969,1969,Massachusetts Institute of Technology,,,1967-02-10T00:00:00Z,2018-03-21T00:00:00Z,,,,Q12326946
https://openalex.org/A5111771966,T. Y. Fan,https://openalex.org/I63966007,Massachusetts Institute of Technology,1988,2012,https://openalex.org/I63966007,1988,2012,Massachusetts Institute of Technology; MIT Lincoln Laboratory,Koç University; K Lab (United States); Goddard Space Flight Center; Norfolk State University; Stanford University,,1933-01-01T00:00:00Z,1993-07-15T00:00:00Z,,,University of Galway,Q110862000
https://openalex.org/A5055577742,A. Shahinyan,https://openalex.org/I63966007,Massachusetts Institute of Technology,2008,2008,https://openalex.org/I63966007,2008,2008,A. Alikhanyan National Laboratory,Massachusetts Institute of Technology; North Carolina Agricultural and Technical State University; University of Ljubljana; Thomas Jefferson National Accelerator Facility; Argonne National Laboratory; Tel Aviv University; Kent State University; California State University Los Angeles; University of Glasgow,,1918-11-01T00:00:00Z,2004-12-13T00:00:00Z,,,Yerevan State Institute of Fine Arts and Theater,Q16371416
https://openalex.org/A5008090786,Douglas J. Forsyth,https://openalex.org/I63966007,Massachusetts Institute of Technology,1993,1993,https://openalex.org/I63966007,1993,1993,Bowling Green State University,University of Glasgow; Massachusetts Institute of Technology,,1928-08-09T00:00:00Z,2021-11-21T00:00:00Z,,n2001026524,,Q97155868
https://openalex.org/A5082052014,M. Chen,https://openalex.org/I63966007,Massachusetts Institute of Technology,1992,1992,https://openalex.org/I63966007,1992,1992,Massachusetts Institute of Technology,,,1769-11-04T00:00:00Z,1833-12-02T00:00:00Z,,n84080165,,Q546959
https://openalex.org/A5109459697,J. W. Watson,https://openalex.org/I63966007,Massachusetts Institute of Technology,2008,2008,https://openalex.org/I63966007,2008,2008,Kent State University,Thomas Jefferson National Accelerator Facility; Newcastle University; Leeds Teaching Hospitals NHS Trust; University of Ljubljana; St James's University Hospital; St. James's Hospital; Tel Aviv University; Massachusetts Institute of Technology; California State University Los Angeles,,1824-10-14T00:00:00Z,1890-07-19T00:00:00Z,,no99021376,,Q82592054
https://openalex.org/A5026511998,R. R. Winters,https://openalex.org/I63966007,Massachusetts Institute of Technology,1969,1969,https://openalex.org/I63966007,1969,1969,Massachusetts Institute of Technology,,,1872-01-29T00:00:00Z,1931-06-07T00:00:00Z,,no99033812,,Q60171776
https://openalex.org/A5046408300,G. Gray,https://openalex.org/I63966007,Massachusetts Institute of Technology,1992,1992,https://openalex.org/I63966007,1992,1992,Services Australia,Massachusetts Institute of Technology; Brookhaven National Laboratory,,1849-01-01T00:00:00Z,1934-02-23T00:00:00Z,,,,Q78566437
https://openalex.org/A5054725200,Constance Perin,https://openalex.org/I63966007,Massachusetts Institute of Technology,1991,1991,https://openalex.org/I63966007,1991,1991,Massachusetts Institute of Technology,United States Department of Transportation,,1930-03-06T00:00:00Z,2012-03-18T00:00:00Z,,n86813632,Massachusetts Institute of Technology,Q59526521
https://openalex.org/A5111786979,Mr. Manjunath M O,https://openalex.org/I63966007,Massachusetts Institute of Technology,1991,1991,https://openalex.org/I63966007,1991,1991,Massachusetts Institute of Technology,,,1938-05-28T00:00:00Z,2024-06-12T00:00:00Z,,n50003367,,Q311195
https://openalex.org/A5102392734,Jingying Hu,https://openalex.org/I63966007,Massachusetts Institute of Technology,2009,2011,https://openalex.org/I63966007,2009,2011,NARI Group (China),Massachusetts Institute of Technology,,0523-01-01T00:00:00Z,0592-01-01T00:00:00Z,,,,Q11074178
https://openalex.org/A5113616585,D. V. Ellis,https://openalex.org/I63966007,Massachusetts Institute of Technology,1981,1981,https://openalex.org/I63966007,1981,1981,Schlumberger (British Virgin Islands),University of Tennessee at Knoxville; Maroc Numeric Cluster; Schlumberger (United States); Massachusetts Institute of Technology,,1930-09-23T00:00:00Z,2013-09-26T00:00:00Z,,n87117578,Swansea University,Q5365877
https://openalex.org/A5019982594,J. H. Laning,https://openalex.org/I63966007,Massachusetts Institute of Technology,1969,1969,https://openalex.org/I63966007,1969,1969,Massachusetts Institute of Technology,,,1920-02-14T00:00:00Z,2012-05-29T00:00:00Z,,n84801650,,Q6105927
https://openalex.org/A5088939980,J. Wahl,https://openalex.org/I63966007,Massachusetts Institute of Technology,1981,1981,https://openalex.org/I63966007,1981,1981,University of Stuttgart,University of Warsaw; Schlumberger (United States); Massachusetts Institute of Technology; Technical University of Munich; Schlumberger (British Virgin Islands),0009-0007-8419-0145,1689-01-01T00:00:00Z,1765-01-01T00:00:00Z,,no2005063110,,Q1309780
https://openalex.org/A5064272217,C. A. Shannon,https://openalex.org/I63966007,Massachusetts Institute of Technology,1969,1969,https://openalex.org/I63966007,1969,1969,Massachusetts Institute of Technology,,,1916-04-30T00:00:00Z,2001-02-24T00:00:00Z,,n92078142,Massachusetts Institute of Technology,Q92760
https://openalex.org/A5020954916,Robert C Kidd,https://openalex.org/I63966007,Massachusetts Institute of Technology,1990,1990,https://openalex.org/I63966007,1990,1990,Massachusetts Institute of Technology,,,1943-01-01T00:00:00Z,1980-07-15T00:00:00Z,,no2010018424,,Q7346346
https://openalex.org/A5111700380,Harald Otto,https://openalex.org/I63966007,Massachusetts Institute of Technology,1991,1992,https://openalex.org/I63966007,1991,1992,Freie Universität Berlin,University of Arizona; Justus-Liebig-Universität Gießen; University of Amsterdam; Massachusetts Institute of Technology; University of Regensburg; Johannes Gutenberg University Mainz; Technische Universität Berlin; GGz centraal,,1909-01-11T00:00:00Z,1977-06-01T00:00:00Z,,no2015153968,,Q3127256
https://openalex.org/A5108210147,Johannes Moe,https://openalex.org/I63966007,Massachusetts Institute of Technology,1969,1969,https://openalex.org/I63966007,1969,1969,Equinor (Norway),"Norwegian University of Science and Technology; Techni (Norway); University of California, Berkeley; Massachusetts Institute of Technology; The University of Tokyo; Leibniz University Hannover; Swansea University; University of Wales; Cornell University",,1859-12-25T00:00:00Z,1937-01-09T00:00:00Z,,,,Q2856062
https://openalex.org/A5064936884,Eduard Pestel,https://openalex.org/I63966007,Massachusetts Institute of Technology,1969,1969,https://openalex.org/I63966007,1969,1969,Hannover Re (Germany),"Leibniz University Hannover; Deutsche Forschungsgemeinschaft; Swansea University; University of Wales; Cornell University; Loughborough University; University of Stuttgart; University of California, Berkeley; Massachusetts Institute of Technology",,1914-05-29T00:00:00Z,1988-09-19T00:00:00Z,,n79138710,University of Haifa,Q1289529
https://openalex.org/A5070733836,K. Jacobs,https://openalex.org/I63966007,Massachusetts Institute of Technology,1980,1982,https://openalex.org/I63966007,1980,1982,RMIT University,"University of Georgia; Stanford Synchrotron Radiation Lightsource; University of Wisconsin–Madison; Massachusetts Institute of Technology; University of Bamberg; Nicolaus Copernicus Astronomical Center; Budker Institute of Nuclear Physics; Boeing (United States); University of California, Berkeley",0009-0004-0482-7141,1928-08-24T00:00:00Z,2015-07-26T00:00:00Z,,n79061200,Friedrich-Alexander-Universität Erlangen-Nürnberg,Q105394
https://openalex.org/A5061347888,M. S. Feld,https://openalex.org/I63966007,Massachusetts Institute of Technology,1969,1996,https://openalex.org/I63966007,1969,1996,Massachusetts Institute of Technology,,,1940-11-11T00:00:00Z,2010-04-10T00:00:00Z,,n80079622,Massachusetts Institute of Technology,Q6834603
https://openalex.org/A5033421008,Arthur H. Hale,https://openalex.org/I63966007,Massachusetts Institute of Technology,1978,1979,https://openalex.org/I63966007,1978,1979,Shell (Germany),Shell (Netherlands); Atrium Health Wake Forest Baptist; Wake Forest University; Massachusetts Institute of Technology; Center for Cancer Research; National Postdoctoral Association; University of Illinois Urbana-Champaign; Urbana University,,1881-05-20T00:00:00Z,1955-11-13T00:00:00Z,,n85144666,Northwestern University,Q4798948
https://openalex.org/A5110107329,R. Jones,https://openalex.org/I63966007,Massachusetts Institute of Technology,2010,2010,https://openalex.org/I63966007,2010,2010,Los Alamos National Laboratory; Schlumberger (United Kingdom); Schlumberger (Canada); Massachusetts Institute of Technology,,,1754-01-01T00:00:00Z,1835-01-01T00:00:00Z,,,,Q7273743
https://openalex.org/A5043426057,M. Rosenthal,https://openalex.org/I63966007,Massachusetts Institute of Technology,1969,1969,https://openalex.org/I63966007,1969,1969,MIT Lincoln Laboratory; Massachusetts Institute of Technology,,,1833-09-19T00:00:00Z,1889-12-30T00:00:00Z,,n87885246,University of Vienna,Q76701612
https://openalex.org/A5027372961,C. A. White,https://openalex.org/I63966007,Massachusetts Institute of Technology,1991,1991,https://openalex.org/I63966007,1991,1991,The Alfred Hospital,"University of California, Davis; Massachusetts Institute of Technology; University of California System",,1858-01-01T00:00:00Z,1931-09-06T00:00:00Z,,,,Q5006264
https://openalex.org/A5047745622,J. P. SOLAR,https://openalex.org/I63966007,Massachusetts Institute of Technology,1978,1979,https://openalex.org/I63966007,1978,1979,Grace (United States),"Allied Technology (United States); Lawrence Berkeley National Laboratory; University of California, Berkeley; Massachusetts Institute of Technology",,1730-01-01T00:00:00Z,1794-01-01T00:00:00Z,,,,Q65961180
https://openalex.org/A5113946009,P. F. Lang,https://openalex.org/I63966007,Massachusetts Institute of Technology,1982,1982,https://openalex.org/I63966007,1982,1982,Institute of High Energy Physics,Boston University; California Institute of Technology; Nara Women's University; SLAC National Accelerator Laboratory; Massachusetts Institute of Technology; University of Tennessee at Knoxville; Florida State University,,1872-01-23T00:00:00Z,1946-12-19T00:00:00Z,,n85800125,Collège de France,Q25320
https://openalex.org/A5060053180,M. Chen,https://openalex.org/I63966007,Massachusetts Institute of Technology,1991,1991,https://openalex.org/I63966007,1991,1991,University of Michigan,Massachusetts Institute of Technology,,1769-11-04T00:00:00Z,1833-12-02T00:00:00Z,,n84080165,,Q546959
https://openalex.org/A5059460950,Patrick Henry Winston,https://openalex.org/I63966007,Massachusetts Institute of Technology,1972,1992,https://openalex.org/I63966007,1972,1992,Vassar College; Massachusetts Institute of Technology,,,1943-02-05T00:00:00Z,2019-07-19T00:00:00Z,,n78089000,Massachusetts Institute of Technology,Q93020
https://openalex.org/A5103576408,L. Kramer,https://openalex.org/I63966007,Massachusetts Institute of Technology,1994,2003,https://openalex.org/I63966007,1994,2003,Florida International University,"Institute of High Energy Physics; UCLouvain; Thomas Jefferson National Accelerator Facility; Campbell Collaboration; University of Connecticut; Justus-Liebig-Universität Gießen; University of California, Los Angeles; Massachusetts Institute of Technology; Fermi National Accelerator Laboratory",,1840-05-25T00:00:00Z,1908-01-07T00:00:00Z,,no2007045214,,Q1580737
https://openalex.org/A5049492046,A. H.‐J. Wang,https://openalex.org/I63966007,Massachusetts Institute of Technology,1989,1989,https://openalex.org/I63966007,1989,1989,Massachusetts Institute of Technology,,,1844-11-18T00:00:00Z,1933-10-25T00:00:00Z,,n86851166,Martin Luther University Halle-Wittenberg,Q71052
https://openalex.org/A5079304518,P. G. Ford,https://openalex.org/I63966007,Massachusetts Institute of Technology,1979,2010,https://openalex.org/I63966007,1979,2010,University of Washington Bothell,Kavli Institute for Particle Astrophysics and Cosmology; Massachusetts Institute of Technology; Attorney-General's Department Australia; Vassar College; Université Claude Bernard Lyon 1; Centre National de la Recherche Scientifique; Institut des Sciences Cognitives; Goddard Space Flight Center; Brown University,0000-0001-7690-5824,1894-01-01T00:00:00Z,1983-01-01T00:00:00Z,,n50024835,,Q85419095
https://openalex.org/A5109560284,T. P. Welch,https://openalex.org/I63966007,Massachusetts Institute of Technology,1994,1994,https://openalex.org/I63966007,1994,1994,Oregon State University,University of Oregon; University of Virginia; Massachusetts Institute of Technology; California Institute of Technology; Indiana University Bloomington; Ohio University,,1844-07-14T00:00:00Z,1919-12-19T00:00:00Z,,no2008025331,,Q21693933
https://openalex.org/A5019058409,Syed Rakin Ahmed,https://openalex.org/I63966007,Massachusetts Institute of Technology,2023,2024,https://openalex.org/I63966007,2023,2024,Athinoula A. Martinos Center for Biomedical Imaging; Massachusetts General Hospital,Dartmouth College; Massachusetts Institute of Technology; Harvard University; Harvard University Press; Memorial Sloan Kettering Cancer Center; Broad Institute,0000-0002-1615-8633,1817-10-17T00:00:00Z,1898-03-27T00:00:00Z,,n83184778,,Q196546
https://openalex.org/A5069454150,Joseph Estabrook,https://openalex.org/I63966007,Massachusetts Institute of Technology,2018,2018,https://openalex.org/I63966007,2018,2018,Oregon Health & Science University,Oregon Medical Research Center; University of Portland; Massachusetts Institute of Technology; University of Florida; Florida College,0000-0002-1027-3315,1944-05-19T00:00:00Z,2012-02-04T00:00:00Z,,,,Q477257
https://openalex.org/A5093090640,Anna Lian,https://openalex.org/I63966007,Massachusetts Institute of Technology,2025,2025,https://openalex.org/I63966007,2025,2025,Massachusetts Institute of Technology,,,1937-01-01T00:00:00Z,2021-12-19T00:00:00Z,,,"Museum and Institute of Zoology, Polish Academy of Sciences",Q106239558
https://openalex.org/A5054539395,Henry C. Hicks,https://openalex.org/I63966007,Massachusetts Institute of Technology,2025,2025,https://openalex.org/I63966007,2025,2025,Massachusetts Institute of Technology,American Society of Anesthesiologists,,1900-12-10T00:00:00Z,1965-08-14T00:00:00Z,,,,Q3125883
https://openalex.org/A5075684685,James Taggart,https://openalex.org/I63966007,Massachusetts Institute of Technology,2018,2025,https://openalex.org/I63966007,2018,2025,Memorial Sloan Kettering Cancer Center,Massachusetts Institute of Technology; Harvard University; Center for Systems Biology; Cornell University; Haverford College; Johns Hopkins University,0000-0002-6853-1583,1859-04-22T00:00:00Z,1949-04-13T00:00:00Z,,n95035567,,Q64416368
https://openalex.org/A5041792953,Thomas Y. Cong,https://openalex.org/I63966007,Massachusetts Institute of Technology,2025,2025,https://openalex.org/I63966007,2025,2025,Massachusetts Institute of Technology,,,1931-03-17T00:00:00Z,2008-12-23T00:00:00Z,,,,Q7788562
https://openalex.org/A5069484640,Yuang Chen,https://openalex.org/I63966007,Massachusetts Institute of Technology,2025,2025,https://openalex.org/I63966007,2025,2025,University of Pittsburgh,UPMC Hillman Cancer Center; Zhejiang University; University of Science and Technology of China; China Pharmaceutical University; State Key Laboratory of Natural Medicine; Anhui University of Traditional Chinese Medicine; Shihezi University; Southwest Jiaotong University; Massachusetts Institute of Technology,0000-0001-8733-3948,1919-09-15T00:00:00Z,2019-12-15T00:00:00Z,,n78095531,California Institute of Technology,Q8060008
https://openalex.org/A5103585238,J. R. Williams,https://openalex.org/I63966007,Massachusetts Institute of Technology,2025,2025,https://openalex.org/I63966007,2025,2025,Massachusetts Institute of Technology,"Agricultural Development Advisory Service (United Kingdom); Texas A&M University; Hemel Hempstead Hospital; The Fertilizer Institute; Kansas State University; Timber Research and Development Association (United Kingdom); Grassland, Soil and Water Research Laboratory; Mauritius Sugarcane Industry Research Institute; University of Toronto",,1888-03-30T00:00:00Z,1957-06-17T00:00:00Z,,n95002991,,Q6106889
https://openalex.org/A5051955916,Daniel Chongli Chen,https://openalex.org/I63966007,Massachusetts Institute of Technology,2015,2015,https://openalex.org/I63966007,2015,2015,Amazon (United States),"China Railway Construction Corporation (China); Massachusetts Institute of Technology; Institute for Infocomm Research; Agency for Science, Technology and Research",0000-0001-6538-5608,1895-03-23T00:00:00Z,1985-09-13T00:00:00Z,,n79060481,,Q1159454
https://openalex.org/A5085329927,Paul Miller,https://openalex.org/I63966007,Massachusetts Institute of Technology,2022,2025,https://openalex.org/I63966007,2022,2025,Massachusetts Institute of Technology,MIT Lincoln Laboratory; Universidad de Ciencias y Humanidades; Rensselaer Polytechnic Institute; Ibero American University; Oak Ridge National Laboratory; Sandia National Laboratories; Google (United States); American Urological Association; University of Illinois Urbana-Champaign,0000-0002-7934-8119,1923-03-11T00:00:00Z,2016-09-02T00:00:00Z,,no2002029432,,Q200507
https://openalex.org/A5041824418,Alexander Li,https://openalex.org/I63966007,Massachusetts Institute of Technology,2025,2025,https://openalex.org/I63966007,2025,2025,"University of California, Merced","Children's Hospital of Philadelphia; Massachusetts Institute of Technology; University of California, San Francisco; University of Pennsylvania; Cardiovascular Institute of the South; Stanford University; NYU Langone Health; Wills Eye Hospital; University of Waterloo",0009-0003-9852-0855,1894-11-02T00:00:00Z,1976-02-11T00:00:00Z,,n81026416,,Q63390
https://openalex.org/A5101890185,Ramón González,https://openalex.org/I63966007,Massachusetts Institute of Technology,2017,2017,https://openalex.org/I63966007,2017,2017,University of Almería,Massachusetts Institute of Technology; Autonomous University of Queretaro,0000-0002-3261-7991,1905-01-01T00:00:00Z,1984-02-12T00:00:00Z,,,,Q140962
https://openalex.org/A5018653973,Yu She,https://openalex.org/I63966007,Massachusetts Institute of Technology,2021,2025,https://openalex.org/I63966007,2021,2025,Massachusetts Institute of Technology,Purdue University West Lafayette; Southeast University; Jingzhou Central Hospital; Yangtze University; The Ohio State University; Vassar College; Corvallis Environmental Center; Harbin Institute of Technology; Jiangxi Normal University,0000-0001-5914-3573,-2219-01-01T00:00:00Z,-2112-01-01T00:00:00Z,,,,Q3659487
https://openalex.org/A5035277433,Christopher M. Brennan,https://openalex.org/I63966007,Massachusetts Institute of Technology,2017,2019,https://openalex.org/I63966007,2017,2019,Memorial Sloan Kettering Cancer Center,Texas A&M University; Pfizer (United States); Massachusetts Institute of Technology; Howard Hughes Medical Institute; Providence College; University of Virginia Health System; Brigham and Women's Hospital; Harvard University; Evotec (United Kingdom),0000-0002-4023-6056,1870-11-01T00:00:00Z,1932-10-05T00:00:00Z,,n50042471,University of Sydney,Q710300
https://openalex.org/A5047596586,Dmytro Chumachenko,https://openalex.org/I63966007,Massachusetts Institute of Technology,2025,2025,https://openalex.org/I63966007,2025,2025,National Aerospace University – Kharkiv Aviation Institute,University of Waterloo; Balsillie School of International Affairs; Massachusetts Institute of Technology; Technical University of Applied Sciences Wildau; C-Com Satellite Systems (Canada); Computer Algorithms for Medicine; O.M. Beketov National University of Urban Economy in Kharkiv,0000-0003-2623-3294,1996-02-08T00:00:00Z,2022-03-23T00:00:00Z,,,,Q111537191
https://openalex.org/A5108675625,Charles Wright,https://openalex.org/I63966007,Massachusetts Institute of Technology,2020,2024,https://openalex.org/I63966007,2020,2024,Massachusetts Institute of Technology,"Merck & Co., Inc., Rahway, NJ, USA (United States); Lund University; Purdue University West Lafayette; Academy of American Poets; American Academy of Arts and Sciences; College of Charleston; Harvard University Press; Washington and Lee University; University of Wisconsin–Madison",,1916-08-28T00:00:00Z,1962-03-20T00:00:00Z,,n80013055,Columbia University,Q312837
https://openalex.org/A5101475602,Chi Ma,https://openalex.org/I63966007,Massachusetts Institute of Technology,2025,2025,https://openalex.org/I63966007,2025,2025,Yanshan University,"Minzu University of China; Xuzhou Medical College; Massachusetts Institute of Technology; Ragon Institute of MGH, MIT and Harvard; First Hospital of Jilin University; Jilin University; Anhui Medical University; University of Utah; China General Nuclear Power Corporation (China)",0000-0002-6785-5148,1940-09-28T00:00:00Z,2022-10-31T00:00:00Z,,no2010152988,,Q5095084
https://openalex.org/A5066589681,Gerald Gilbert,https://openalex.org/I63966007,Massachusetts Institute of Technology,2021,2021,https://openalex.org/I63966007,2021,2021,Mitre (United States),"Massachusetts Institute of Technology; Eaton (United States); Eaton (United Kingdom); Royal Military College of Canada; Institute For Defense Analyses; University of Maryland, College Park; California Institute of Technology; The University of Texas at Austin",0000-0002-8815-5423,1912-08-29T00:00:00Z,1999-06-04T00:00:00Z,,,,Q110866081
https://openalex.org/A5048433857,J. Daniel Kim,https://openalex.org/I63966007,Massachusetts Institute of Technology,2018,2018,https://openalex.org/I63966007,2018,2018,Massachusetts Institute of Technology; Northwestern University; United States Census Bureau,National Bureau of Economic Research,,1949-04-23T00:00:00Z,2024-09-02T00:00:00Z,,no2011178024,University of Texas at Austin,Q1562594
https://openalex.org/A5104065023,John Miller,https://openalex.org/I63966007,Massachusetts Institute of Technology,2015,2016,https://openalex.org/I63966007,2015,2016,Graymont (Canada),Massachusetts Institute of Technology; James Madison University; Australian National University; Indiana University Bloomington; NOAA Oceanic and Atmospheric Research; National Oceanic and Atmospheric Administration; IBM Research - Almaden,,1843-10-29T00:00:00Z,1908-10-26T00:00:00Z,,n89125868,,Q360110
https://openalex.org/A5072460740,A. John Hart,https://openalex.org/I63966007,Massachusetts Institute of Technology,2025,2025,https://openalex.org/I63966007,2025,2025,Massachusetts Institute of Technology,,,1707-01-01T00:00:00Z,1779-05-11T00:00:00Z,,n86145372,,Q1367952
https://openalex.org/A5102802579,Adam Eisen,https://openalex.org/I63966007,Massachusetts Institute of Technology,2025,2025,https://openalex.org/I63966007,2025,2025,Massachusetts Institute of Technology,McGovern Institute for Brain Research; University of Toronto; Queen's University,0009-0005-3091-7586,1762-07-17T00:00:00Z,1834-05-24T00:00:00Z,,,,Q20191557
https://openalex.org/A5103453052,William G. Abel,https://openalex.org/I63966007,Massachusetts Institute of Technology,1955,1968,https://openalex.org/I63966007,1955,1968,State University of New York; Stony Brook University,MIT Lincoln Laboratory; Massachusetts Institute of Technology; St. Vincent's Hospital; Bellevue Hospital Center,,1920-09-28T00:00:00Z,1972-03-24T00:00:00Z,,no2004057645,Yale University,Q8004106
https://openalex.org/A5003671713,Richard A. Flower,https://openalex.org/I63966007,Massachusetts Institute of Technology,1972,1975,https://openalex.org/I63966007,1972,1975,University of Illinois Urbana-Champaign; Digital Wave (United States),Massachusetts Institute of Technology,,1760-01-01T00:00:00Z,1829-09-02T00:00:00Z,,n87895032,,Q21079128
https://openalex.org/A5060431471,Alexander Soloviev,https://openalex.org/I63966007,Massachusetts Institute of Technology,2000,2001,https://openalex.org/I63966007,2000,2001,University of Ljubljana,TU Wien; Stony Brook University; Institute of Mathematical Sciences; Indian Institute of Technology Madras; Tata Institute of Fundamental Research; National Research Tomsk State University; Tomsk Polytechnic University; Massachusetts Institute of Technology; Institute of Oceanology. PP Shirshov Russian Academy of Sciences,0000-0001-9490-9263,1846-08-30T00:00:00Z,1879-06-09T00:00:00Z,,,,Q1762669
https://openalex.org/A5113781838,Richard M. Rush,https://openalex.org/I63966007,Massachusetts Institute of Technology,1955,1955,https://openalex.org/I63966007,1955,1955,ExxonMobil (Germany),Texas A&M University; Oak Ridge National Laboratory; Massachusetts Institute of Technology; University of Virginia,,1780-08-29T00:00:00Z,1859-07-30T00:00:00Z,,n85137020,United States Department of the Treasury,Q942844
https://openalex.org/A5076929122,Ruth Judson,https://openalex.org/I63966007,Massachusetts Institute of Technology,1999,1999,https://openalex.org/I63966007,1999,1999,Federal Reserve; Federal Reserve Board of Governors,National Bureau of Economic Research; Goethe University Frankfurt; Financial Research (Hungary); University of Illinois Urbana-Champaign; Massachusetts Institute of Technology,,1664-01-01T00:00:00Z,1744-01-01T00:00:00Z,,,,Q96322933
https://openalex.org/A5017314544,R. H. Fox,https://openalex.org/I63966007,Massachusetts Institute of Technology,1955,1955,https://openalex.org/I63966007,1955,1955,MIT Lincoln Laboratory; Massachusetts Institute of Technology,,,1913-03-24T00:00:00Z,1973-12-23T00:00:00Z,,n83826845,Princeton University,Q1405367
https://openalex.org/A5077806360,G Daniel,https://openalex.org/I63966007,Massachusetts Institute of Technology,1955,1955,https://openalex.org/I63966007,1955,1955,Massachusetts Institute of Technology,,,1931-01-01T00:00:00Z,2017-01-01T00:00:00Z,,,,Q90689059
https://openalex.org/A5067524226,George Schick,https://openalex.org/I63966007,Massachusetts Institute of Technology,1964,1964,https://openalex.org/I63966007,1964,1964,Westwood College,SimulConsult; Core Competence; Nokia (United States); Massachusetts Institute of Technology,,1908-05-04T00:00:00Z,1985-03-07T00:00:00Z,,no91029961,Manhattan School of Music,Q18280265
https://openalex.org/A5069204293,Alan H. Stratford,https://openalex.org/I63966007,Massachusetts Institute of Technology,1974,1974,https://openalex.org/I63966007,1974,1974,Suffolk University; American Institute of Aeronautics and Astronautics; Massachusetts Institute of Technology,Stratford Hospital; British Airways (United Kingdom),,1914-03-14T00:00:00Z,2005-10-01T00:00:00Z,,n90643902,,Q115912769
https://openalex.org/A5090270940,John S. Dickey,https://openalex.org/I63966007,Massachusetts Institute of Technology,1974,1982,https://openalex.org/I63966007,1974,1982,Massachusetts Institute of Technology,Syracuse University; Planetary Science Institute; Smithsonian Astrophysical Observatory; University of Otago; Princeton University,,1794-06-23T00:00:00Z,1853-03-14T00:00:00Z,,nr92024566,,Q6229375
https://openalex.org/A5050067623,Henrietta Smith,https://openalex.org/I63966007,Massachusetts Institute of Technology,1973,1994,https://openalex.org/I63966007,1973,1994,Northrop Grumman (United States),Center for Environmental Health; Massachusetts Institute of Technology; MIT Lincoln Laboratory,,1854-01-01T00:00:00Z,1926-11-01T00:00:00Z,,,,Q75434688
https://openalex.org/A5031812400,Robley D. Evans,https://openalex.org/I63966007,Massachusetts Institute of Technology,1961,1981,https://openalex.org/I63966007,1961,1981,University of Oxford,Eastman Dental Hospital; Connecticut College; Massachusetts Institute of Technology; Google (United States); Commonwealth Foundation; Education Scotland; Massachusetts General Hospital; University of Rochester; Office of Chief Medical Examiner,,1846-08-18T00:00:00Z,1912-01-03T00:00:00Z,,n89605114,,Q1323551
https://openalex.org/A5058544282,Edwin F. Taylor,https://openalex.org/I63966007,Massachusetts Institute of Technology,1968,2007,https://openalex.org/I63966007,1968,2007,East Tennessee State University,Missouri Western State University; Massachusetts Institute of Technology; Carnegie Mellon University; Center for Innovation; University of Washington; Boston University; Joint European Torus; Harvard University Press; University of Manchester,,1931-06-22T00:00:00Z,2025-04-22T00:00:00Z,,n84806585,Massachusetts Institute of Technology,Q1294532
https://openalex.org/A5110010454,Robert E. Whitney,https://openalex.org/I63966007,Massachusetts Institute of Technology,1963,1963,https://openalex.org/I63966007,1963,1963,Massachusetts Institute of Technology,,,1826-12-15T00:00:00Z,1891-04-12T00:00:00Z,,,,Q880595
https://openalex.org/A5076979836,Y. Ku,https://openalex.org/I63966007,Massachusetts Institute of Technology,1961,1988,https://openalex.org/I63966007,1961,1988,Taiwan Semiconductor Manufacturing Company (Taiwan),Asia University; Taichung Veterans General Hospital; China Medical University; Chinese University of Hong Kong; Center for Food Safety and Applied Nutrition; United States Food and Drug Administration; Office of Dietary Supplements; Unilever (Netherlands); Massachusetts Institute of Technology,0000-0001-7432-3230,1909-06-01T00:00:00Z,1971-12-12T00:00:00Z,,n80139063,Bar-Ilan University,Q8051038
https://openalex.org/A5004345345,A. E. E. Rogers,https://openalex.org/I63966007,Massachusetts Institute of Technology,1964,2018,https://openalex.org/I63966007,1964,2018,W.M. Keck Observatory,Massachusetts Institute of Technology; Northeast Radio Observatory Corporation; Fiona Stanley Hospital; The Ohio State University Wexner Medical Center; The Ohio State University Comprehensive Cancer Center – Arthur G. James Cancer Hospital and Richard J. Solove Research Institute; The Ohio State University; Children's of Alabama; Scientific Solutions (United States); Cornell University,0000-0003-1941-7458,,1761-07-17T00:00:00Z,,,,Q28955326
https://openalex.org/A5060914740,John E. Mock,https://openalex.org/I63966007,Massachusetts Institute of Technology,1997,1997,https://openalex.org/I63966007,1997,1997,Massachusetts Institute of Technology; University of Utah,United States Department of Energy; Office of Energy Efficiency and Renewable Energy; Rose–Hulman Institute of Technology; Meridian Institute; Office of the Governor,,1941-10-02T00:00:00Z,2015-03-03T00:00:00Z,,,,Q16732706
https://openalex.org/A5109324775,Samuel Kaplan,https://openalex.org/I63966007,Massachusetts Institute of Technology,1969,1969,https://openalex.org/I63966007,1969,1969,The University of Texas at Austin,"University of California, Los Angeles; Clark University; Massachusetts Institute of Technology",,1928-07-08T00:00:00Z,2021-05-21T00:00:00Z,,,,Q4213058
https://openalex.org/A5057117324,Phillip M. Wright,https://openalex.org/I63966007,Massachusetts Institute of Technology,1997,1997,https://openalex.org/I63966007,1997,1997,Florey Institute of Neuroscience and Mental Health; The University of Melbourne,Idaho National Laboratory; University of Utah; Massachusetts Institute of Technology; Loughborough University; Ospedale Israelitico,,1889-07-20T00:00:00Z,1970-08-30T00:00:00Z,,n89668233,,Q7185841
https://openalex.org/A5068814793,Dean Peabody,https://openalex.org/I63966007,Massachusetts Institute of Technology,1962,1962,https://openalex.org/I63966007,1962,1962,Swarthmore College,Haverford College; Massachusetts Institute of Technology; Columbia University,,,1900-01-01T00:00:00Z,,,,Q123474170
https://openalex.org/A5035897775,Jacques Delisle,https://openalex.org/I63966007,Massachusetts Institute of Technology,1963,1964,https://openalex.org/I63966007,1963,1964,Statistics Canada,Massachusetts Institute of Technology,,1738-06-22T00:00:00Z,1813-05-01T00:00:00Z,,n81132155,Collège de France,Q981922
https://openalex.org/A5032966715,Antti Ahlström,https://openalex.org/I63966007,Massachusetts Institute of Technology,1970,1970,https://openalex.org/I63966007,1970,1970,Helsinki Art Museum,University of Helsinki; University of Eastern Finland; Massachusetts Institute of Technology,,1827-11-07T00:00:00Z,1896-05-10T00:00:00Z,,,Ahlstrom-Munksjö,Q2573683
https://openalex.org/A5001844626,Rameswar Singh,https://openalex.org/I63966007,Massachusetts Institute of Technology,1970,1970,https://openalex.org/I63966007,1970,1970,"University of California, San Diego",Institute for Plasma Research; Chalmers University of Technology; Massachusetts Institute of Technology,0000-0001-6350-6752,1930-07-23T00:00:00Z,2007-09-07T00:00:00Z,,,,Q61715913
https://openalex.org/A5033356335,W. W. S. Au,https://openalex.org/I63966007,Massachusetts Institute of Technology,1963,1964,https://openalex.org/I63966007,1963,1964,University of Colorado System,Massachusetts Institute of Technology,,1865-05-27T00:00:00Z,1940-10-18T00:00:00Z,,no2020050551,,Q930203
https://openalex.org/A5086428118,Gisela Mosig,https://openalex.org/I63966007,Massachusetts Institute of Technology,1967,1967,https://openalex.org/I63966007,1967,1967,Vanderbilt University,Tokyo Institute of Technology; Harvard University; Carnegie Institution for Science; Cold Spring Harbor Laboratory; Massachusetts Institute of Technology; University of Cologne,,1930-11-29T00:00:00Z,2003-01-12T00:00:00Z,,,,Q15989723
https://openalex.org/A5104354282,Thomas S. Huang,https://openalex.org/I63966007,Massachusetts Institute of Technology,1967,1967,https://openalex.org/I63966007,1967,1967,University of Illinois Urbana-Champaign,Urbana University; Purdue University West Lafayette; Massachusetts Institute of Technology,,1936-06-26T00:00:00Z,2020-04-25T00:00:00Z,0000-0001-8474-5859,n80125444,University of Illinois Urbana–Champaign,Q7790863
https://openalex.org/A5082632641,Adel F. Sarofim,https://openalex.org/I63966007,Massachusetts Institute of Technology,1962,2004,https://openalex.org/I63966007,1962,2004,Massachusetts Institute of Technology,University of Utah; Reaction Engineering International (United States); Beijing Institute of Technology; University of Massachusetts Amherst; Brigham Young University; University of Miskolc; Combustion Institute; Nevada System of Higher Education; Desert Research Institute,,1934-01-01T00:00:00Z,2011-01-01T00:00:00Z,,n83829086,,Q112441918
https://openalex.org/A5113940014,H. A. Balakrishna Rao,https://openalex.org/I63966007,Massachusetts Institute of Technology,1964,1964,https://openalex.org/I63966007,1964,1964,University of New Mexico,Massachusetts Institute of Technology,,1901-10-04T00:00:00Z,1999-11-18T00:00:00Z,,nr90014048,,Q7293755
https://openalex.org/A5015645310,Martin Davis,https://openalex.org/I63966007,Massachusetts Institute of Technology,1963,1976,https://openalex.org/I63966007,1963,1976,Massachusetts Institute of Technology,Yeshiva University,,1780-06-21T00:00:00Z,1823-10-08T00:00:00Z,,n96080552,,Q1235648
https://openalex.org/A5046003221,John W. Brackett,https://openalex.org/I63966007,Massachusetts Institute of Technology,1966,1966,https://openalex.org/I63966007,1966,1966,Boston University,Sichuan Agricultural University; City College of San Francisco; Massachusetts Institute of Technology,,1842-06-08T00:00:00Z,1918-04-06T00:00:00Z,,,,Q441796
https://openalex.org/A5109945142,Gustave Solomon,https://openalex.org/I63966007,Massachusetts Institute of Technology,1961,1961,https://openalex.org/I63966007,1961,1961,Massachusetts Institute of Technology,,,1930-10-27T00:00:00Z,1996-01-31T00:00:00Z,,,,Q92982
https://openalex.org/A5031481752,John Tredwell,https://openalex.org/I63966007,Massachusetts Institute of Technology,1961,1962,https://openalex.org/I63966007,1961,1962,Massachusetts Institute of Technology,,,1805-01-01T00:00:00Z,1875-01-01T00:00:00Z,,,,Q63163162
https://openalex.org/A5109340059,Kenneth W. Cooper,https://openalex.org/I63966007,Massachusetts Institute of Technology,1961,1962,https://openalex.org/I63966007,1961,1962,"University of California, Riverside","National Academies of Sciences, Engineering, and Medicine; University of Washington Applied Physics Laboratory; University of Washington; BorgWarner (Brazil); Purdue University West Lafayette; Dartmouth College; Massachusetts Institute of Technology; University of Rochester; Columbia University",,1912-11-29T00:00:00Z,2007-08-08T00:00:00Z,,no2003066785,Princeton University,Q22110911
https://openalex.org/A5026654545,Nora M. Mohler,https://openalex.org/I63966007,Massachusetts Institute of Technology,1956,1956,https://openalex.org/I63966007,1956,1956,Massachusetts Institute of Technology,Smith College,,1898-01-01T00:00:00Z,1984-11-29T00:00:00Z,,,,Q98737629
https://openalex.org/A5116907593,Kenneth M. Goddard,https://openalex.org/I63966007,Massachusetts Institute of Technology,1970,1970,https://openalex.org/I63966007,1970,1970,Massachusetts Institute of Technology,,,1918-01-01T00:00:00Z,1978-01-01T00:00:00Z,,,,Q101573704
https://openalex.org/A5004990803,Julius Adams Stratton,https://openalex.org/I63966007,Massachusetts Institute of Technology,1956,1973,https://openalex.org/I63966007,1956,1973,Massachusetts Institute of Technology,University of Illinois Urbana-Champaign; New England Research Institutes,,1901-05-18T00:00:00Z,1994-06-22T00:00:00Z,,n84804647,Massachusetts Institute of Technology,Q49620
https://openalex.org/A5006498255,Harry Brown,https://openalex.org/I63966007,Massachusetts Institute of Technology,1956,1956,https://openalex.org/I63966007,1956,1956,Massachusetts Institute of Technology,,,1917-04-30T00:00:00Z,1986-11-02T00:00:00Z,,n85006328,The New Yorker,Q1769448
https://openalex.org/A5044788339,Howard W. Emmons,https://openalex.org/I63966007,Massachusetts Institute of Technology,1958,1958,https://openalex.org/I63966007,1958,1958,Harvard University Press,Harvard University; Los Angeles Pierce College; Concord Consortium; Massachusetts Institute of Technology; University of Pennsylvania,,1912-08-30T00:00:00Z,1998-11-20T00:00:00Z,,n83004607,Harvard University,Q1631798
https://openalex.org/A5013046596,James M. Austin,https://openalex.org/I63966007,Massachusetts Institute of Technology,1956,1969,https://openalex.org/I63966007,1956,1969,Massachusetts Institute of Technology,Uganda National Meteorological Authority; National Institute of Meteorology,,1882-05-23T00:00:00Z,1959-04-12T00:00:00Z,,n78073873,,Q726398
https://openalex.org/A5113497115,Martin J. Buerger,https://openalex.org/I63966007,Massachusetts Institute of Technology,1958,1975,https://openalex.org/I63966007,1958,1975,Plasser and Theurer (Austria),University of Connecticut; DuPont (United States); Philips (United States); Siemens (Germany); CytRx (United States); University of Leeds; Ibaraki University; Massachusetts Institute of Technology; Planetary Science Institute,,1903-04-08T00:00:00Z,1986-02-26T00:00:00Z,,n79018457,Massachusetts Institute of Technology,Q968583
https://openalex.org/A5102116249,George C. Kennedy,https://openalex.org/I63966007,Massachusetts Institute of Technology,1958,1958,https://openalex.org/I63966007,1958,1958,"University of California, Los Angeles; Planetary Science Institute","Lawrence Livermore National Laboratory; University of California, Berkeley; Yale University; Massachusetts Institute of Technology; Harvard University Press; United States Geological Survey",,1919-09-22T00:00:00Z,1980-03-18T00:00:00Z,,no98120654,,Q21389941
https://openalex.org/A5045173060,J. A. Gerber,https://openalex.org/I63966007,Massachusetts Institute of Technology,1972,1972,https://openalex.org/I63966007,1972,1972,University of Nebraska–Lincoln,Tufts University; Massachusetts Institute of Technology,,1886-01-01T00:00:00Z,1949-04-05T00:00:00Z,,,Bussum,Q81615915
https://openalex.org/A5111500207,Lee M. Huber,https://openalex.org/I63966007,Massachusetts Institute of Technology,1964,1964,https://openalex.org/I63966007,1964,1964,Freeport-McMoRan (United States); Dow Chemical (United States),Massachusetts Institute of Technology,,1919-02-16T00:00:00Z,2005-09-22T00:00:00Z,,,,Q18808990
https://openalex.org/A5047432344,R. M. Rose,https://openalex.org/I63966007,Massachusetts Institute of Technology,1962,1983,https://openalex.org/I63966007,1962,1983,SRM University,University of Bradford; The University of Texas at Austin; Massachusetts Institute of Technology,0000-0002-4117-1127,1879-04-21T00:00:00Z,1956-05-25T00:00:00Z,,n87101309,,Q5195440
https://openalex.org/A5031535387,William W. Behrens,https://openalex.org/I63966007,Massachusetts Institute of Technology,1972,1972,https://openalex.org/I63966007,1972,1972,Massachusetts Institute of Technology,,,1922-09-14T00:00:00Z,1986-01-21T00:00:00Z,,,,Q14573913
https://openalex.org/A5009227798,A. J. Allen,https://openalex.org/I63966007,Massachusetts Institute of Technology,1997,1997,https://openalex.org/I63966007,1997,1997,"University of Maryland, Baltimore; Riverside Regional Medical Center",Virginia Commonwealth University; Yale University; Massachusetts Institute of Technology; Plasma Technology (United States); Fusion Academy; NTL Institute for Applied Behavioral Science; Fusion (United States); University of Michigan,0009-0000-2863-5233,1818-09-05T00:00:00Z,1884-07-18T00:00:00Z,,nr2002005445,,Q113100867
https://openalex.org/A5114031681,Paul Gray,https://openalex.org/I63966007,Massachusetts Institute of Technology,1963,1969,https://openalex.org/I63966007,1963,1969,Universidade de Brasília,Massachusetts Institute of Technology; University of Wisconsin–Platteville; Tektronix (United States); General Atomics (United States); North Carolina Agricultural and Technical State University; National Academy of Sciences; Physical Sciences (United States); American Institute of Physics; John Wiley & Sons (United States),,1972-04-08T00:00:00Z,2010-05-24T00:00:00Z,,,,Q314583
https://openalex.org/A5089288494,D. H. Lo,https://openalex.org/I63966007,Massachusetts Institute of Technology,1997,1997,https://openalex.org/I63966007,1997,1997,Northrop Grumman (United States),"European Space Agency; University of California, Berkeley; Union College; Redondo Optics (United States); Massachusetts Institute of Technology; Plasma Technology (United States); Fusion Academy; Fusion (United States); Oak Ridge National Laboratory",,1885-09-11T00:00:00Z,1930-03-02T00:00:00Z,,n79018450,,Q34970
https://openalex.org/A5002673779,ALBERT F. GOLLNICK,https://openalex.org/I63966007,Massachusetts Institute of Technology,1964,1966,https://openalex.org/I63966007,1964,1966,Massachusetts Institute of Technology,American Institute of Aeronautics and Astronautics,,1898-08-01T00:00:00Z,1983-04-16T00:00:00Z,,,JBS USA,Q125649599
https://openalex.org/A5108695121,John W. Peirce,https://openalex.org/I63966007,Massachusetts Institute of Technology,1974,1977,https://openalex.org/I63966007,1974,1977,Colorado School of Mines; United States Geological Survey,Denver Federal Center; Research & Development Corporation; Petro-Canada; Woods Hole Oceanographic Institution; Dalhousie University; Massachusetts Institute of Technology,,1835-01-01T00:00:00Z,1885-01-01T00:00:00Z,,,,Q107150110
https://openalex.org/A5064355453,P. C. Stek,https://openalex.org/I63966007,Massachusetts Institute of Technology,1995,1997,https://openalex.org/I63966007,1995,1997,Jet Propulsion Laboratory,California Institute of Technology; Plasma Technology (United States); Fusion Academy; Fusion (United States); Massachusetts Institute of Technology,,1878-10-26T00:00:00Z,1954-08-12T00:00:00Z,,,,Q60237169
https://openalex.org/A5113655799,Eileen O’Leary,https://openalex.org/I63966007,Massachusetts Institute of Technology,2001,2001,https://openalex.org/I63966007,2001,2001,Harvard University; Brigham and Women's Hospital,Harvard University Press; Massachusetts General Hospital; Harvard–MIT Division of Health Sciences and Technology; Massachusetts Institute of Technology; Whitehead Institute for Biomedical Research,,1743-01-01T00:00:00Z,1800-01-01T00:00:00Z,,n85050241,,Q3406424
https://openalex.org/A5113817844,Eduardo Estrella,https://openalex.org/I63966007,Massachusetts Institute of Technology,1969,1969,https://openalex.org/I63966007,1969,1969,Universidad de Las Américas,Central University of Ecuador; Pan American Health Organization (Cuba); Ministerio de Salud Pública; Escuela Nacional de Salud Pública; World Health Organization Regional Office for the Americas; National Polytechnic School; Massachusetts Institute of Technology,,1941-01-01T00:00:00Z,1996-01-01T00:00:00Z,,n81101340,Central University of Ecuador,Q4297239
https://openalex.org/A5028093506,Xue Hong Zhu,https://openalex.org/I63966007,Massachusetts Institute of Technology,1999,1999,https://openalex.org/I63966007,1999,1999,Shandong University; Nanjing University of Aeronautics and Astronautics,Boston University; Boston Medical Center; University Medical Center; Massachusetts Institute of Technology,,0592-01-01T00:00:00Z,0624-01-01T00:00:00Z,,n81100140,,Q11622237
https://openalex.org/A5022413574,Elizabeth Urey Baranger,https://openalex.org/I63966007,Massachusetts Institute of Technology,1971,1972,https://openalex.org/I63966007,1971,1972,University of Pittsburgh,Massachusetts Institute of Technology; U.S. National Science Foundation; Laboratoire de Physique de Clermont Auvergne; Office of Naval Research; Westinghouse Electric (United States); California Institute of Technology; Stanford University,,1927-09-18T00:00:00Z,2019-05-30T00:00:00Z,,,,Q104708804
https://openalex.org/A5008440265,David K. Roe,https://openalex.org/I63966007,Massachusetts Institute of Technology,1963,1968,https://openalex.org/I63966007,1963,1968,Portland State University,Fritz Haber Institute of the Max Planck Society; Institute of Electrochemistry and Energy Systems; Bulgarian Academy of Sciences; Oregon Social Learning Center; Massachusetts Institute of Technology; Shell (United States),,1743-08-11T00:00:00Z,1807-02-12T00:00:00Z,,n80119437,,Q77730
https://openalex.org/A5065560554,J. Gair Ford,https://openalex.org/I63966007,Massachusetts Institute of Technology,1999,2001,https://openalex.org/I63966007,1999,2001,California Polytechnic State University,AstraZeneca (United Kingdom); University of Oxford; University of Bristol; Bristol Royal Infirmary; Boston College; University of Strathclyde; Massachusetts Institute of Technology; University of Sheffield; University of London,0000-0003-0419-647X,1853-05-15T00:00:00Z,1941-09-01T00:00:00Z,,no98103037,,Q6105700
https://openalex.org/A5008493891,Ki Sub Cho,https://openalex.org/I63966007,Massachusetts Institute of Technology,2015,2015,https://openalex.org/I63966007,2015,2015,Kookmin University,Massachusetts Institute of Technology; IIT@MIT,0000-0002-1680-2484,1913-01-06T00:00:00Z,1951-07-31T00:00:00Z,,n88174884,,Q12616607
https://openalex.org/A5063006593,Robert M. Fano,https://openalex.org/I63966007,Massachusetts Institute of Technology,1959,1984,https://openalex.org/I63966007,1959,1984,Ford Motor Company (United States),Massachusetts Institute of Technology; United States International Trade Commission,,1917-11-11T00:00:00Z,2016-07-13T00:00:00Z,,n85804388,Massachusetts Institute of Technology,Q93052
https://openalex.org/A5035629765,K. Mackenzie,https://openalex.org/I63966007,Massachusetts Institute of Technology,2002,2002,https://openalex.org/I63966007,2002,2002,Massachusetts Institute of Technology,,,1912-06-15T00:00:00Z,2002-07-03T00:00:00Z,,,,Q963428
https://openalex.org/A5108501532,Jie Ge,https://openalex.org/I63966007,Massachusetts Institute of Technology,2001,2003,https://openalex.org/I63966007,2001,2003,Qiqihar Medical University,China Animal Disease Control Center; Duke Medical Center; Duke University; Massachusetts Institute of Technology,,1627-01-01T00:00:00Z,1698-01-01T00:00:00Z,,,,Q10922855
https://openalex.org/A5008073773,Hubert J. Kelly,https://openalex.org/I63966007,Massachusetts Institute of Technology,1956,1956,https://openalex.org/I63966007,1956,1956,Massachusetts Institute of Technology,,,1795-09-10T00:00:00Z,1848-01-27T00:00:00Z,,,County Leitrim,Q106118913
https://openalex.org/A5113793670,John Robert Ross,https://openalex.org/I63966007,Massachusetts Institute of Technology,1972,1976,https://openalex.org/I63966007,1972,1976,United States Department of the Army,San Francisco Estuary Institute; Norwich Research Park; Mount Wachusett Community College; Massachusetts Institute of Technology; Rockefeller University; Brown University; Stanford University,,1938-05-07T00:00:00Z,2025-05-13T00:00:00Z,,n83064852,University of North Texas,Q720664
https://openalex.org/A5039382401,Johanna Bürger,https://openalex.org/I63966007,Massachusetts Institute of Technology,2000,2025,https://openalex.org/I63966007,2000,2025,Massachusetts Institute of Technology,Technische Universität Braunschweig; RWTH Aachen University; Fritz Haber Institute of the Max Planck Society,0000-0003-2075-0709,1895-09-23T00:00:00Z,1943-07-12T00:00:00Z,,,,Q42519854
https://openalex.org/A5000730129,Pamela H. Li,https://openalex.org/I63966007,Massachusetts Institute of Technology,2005,2005,https://openalex.org/I63966007,2005,2005,Harvard–MIT Division of Health Sciences and Technology; Brigham and Women's Hospital; Harvard University; Massachusetts Institute of Technology,,,1899-08-09T00:00:00Z,1996-04-23T00:00:00Z,,n79021915,,Q228901
https://openalex.org/A5050018327,Peter Marcuse,https://openalex.org/I63966007,Massachusetts Institute of Technology,2008,2008,https://openalex.org/I63966007,2008,2008,Columbia University,"Massachusetts Institute of Technology; The Graduate Center, CUNY; Washington University in St. Louis; Western Michigan University; Yale University; St. Joseph's Hospital; St. Joseph Hospital; Baylor University; Methodist Hospital",,1928-11-13T00:00:00Z,2022-03-04T00:00:00Z,,n86839499,Columbia University,Q1687190
https://openalex.org/A5053155312,H.-S. Lee,https://openalex.org/I63966007,Massachusetts Institute of Technology,1984,2009,https://openalex.org/I63966007,1984,2009,Massachusetts Institute of Technology,"University of California, Berkeley",,1900-11-19T00:00:00Z,1988-06-22T00:00:00Z,,,,Q5724797
https://openalex.org/A5017521409,J. G. Fox,https://openalex.org/I63966007,Massachusetts Institute of Technology,1978,1978,https://openalex.org/I63966007,1978,1978,University Hospital of Wales,Tufts Medical Center; Massachusetts Institute of Technology,,1916-03-05T00:00:00Z,1980-07-24T00:00:00Z,,,Carnegie Mellon University,Q17513976
https://openalex.org/A5038222279,S. Cory Li,https://openalex.org/I63966007,Massachusetts Institute of Technology,2011,2011,https://openalex.org/I63966007,2011,2011,Massachusetts Institute of Technology,,,1863-06-04T00:00:00Z,1905-11-30T00:00:00Z,,nb2002017876,,Q1049773
https://openalex.org/A5050995677,T. Evans,https://openalex.org/I63966007,Massachusetts Institute of Technology,1974,2025,https://openalex.org/I63966007,1974,2025,Massachusetts Institute of Technology; Shell (Netherlands),University of Bremen; University of Manchester; State Key Laboratory of Nuclear Physics and Technology; Peking University; European Organization for Nuclear Research; Purdue University Northwest; University of Sheffield; Institute of High Energy Physics,0000-0002-7596-1282,http://www.wikidata.org/.well-known/genid/b3b009ed8638c33434fdff86c7035147,http://www.wikidata.org/.well-known/genid/018621561ae188018d9f5b13811ca3b9,,,The Cambrian,Q28017454
